{"movie": {"adg": {"mean": 5.2402952512573195, "std": 1.5223499953773891}}, "news": {"adg": {"mean": 5.721332623527375, "std": 1.3960521022500778}}, "tweet": {"adg": {"mean": 5.280585221949116, "std": 1.9346916636126992}}}